Class,Accuracy (%)
Sample001,80.0
Sample002,100.0
Sample003,80.0
Sample004,80.0
Sample005,100.0
Sample006,100.0
Sample007,100.0
Sample008,60.0
Sample009,80.0
Sample010,100.0
Sample011,100.0
Sample012,80.0
Sample013,100.0
Sample014,100.0
Sample015,100.0
Sample016,100.0
Sample017,100.0
Sample018,60.0
Sample019,100.0
Sample020,60.0
Sample021,80.0
Sample022,100.0
Sample023,100.0
Sample024,80.0
Sample025,80.0
Sample026,100.0
Sample027,80.0
Sample028,80.0
Sample029,100.0
Sample030,100.0
Sample031,100.0
Sample032,80.0
Sample033,100.0
Sample034,60.0
Sample035,60.0
Sample036,100.0
Sample037,100.0
Sample038,40.0
Sample039,100.0
Sample040,80.0
Sample041,100.0
Sample042,80.0
Sample043,100.0
Sample044,100.0
Sample045,40.0
Sample046,100.0
Sample047,80.0
Sample048,100.0
Sample049,100.0
Sample050,80.0
Sample051,100.0
Sample052,80.0
Sample053,100.0
Sample054,100.0
Sample055,100.0
Sample056,100.0
Sample057,80.0
Sample058,100.0
Sample059,100.0
Sample060,100.0
Sample061,100.0
Sample062,100.0
Sample063,80.0
Sample064,100.0
Sample065,100.0
Sample066,100.0
Sample067,100.0
Sample068,60.0
Sample069,60.0
Sample070,80.0
Sample071,100.0
Sample072,80.0
Sample073,80.0
Sample074,100.0
Sample075,100.0
Sample076,80.0
Sample077,100.0
Sample078,100.0
Sample079,80.0
Sample080,100.0
Sample081,100.0
Sample082,100.0
Sample083,80.0
Sample084,80.0
Sample085,80.0
Sample086,100.0
Sample087,80.0
Sample088,100.0
Sample089,60.0
Sample090,100.0
Sample091,100.0
Sample092,100.0
Sample093,100.0
Sample094,80.0
Sample095,100.0
Sample096,80.0
Sample097,100.0
Sample098,100.0
Sample099,100.0
Sample100,100.0
Sample101,100.0
Sample102,40.0
Sample103,100.0
Sample104,80.0
Sample105,100.0
Sample106,80.0
Sample107,80.0
Sample108,80.0
Sample109,80.0
Sample110,80.0
Sample111,80.0
Sample112,80.0
Sample113,80.0
Sample114,80.0
Sample115,80.0
Sample116,80.0
Sample117,100.0
Sample118,100.0
Sample119,60.0
Sample120,80.0
Sample121,100.0
Sample122,80.0
Sample123,60.0
Sample124,60.0
Sample125,80.0
Sample126,100.0
Sample127,100.0
Sample128,80.0
Sample129,100.0
Sample130,100.0
Sample131,80.0
Sample132,80.0
Sample133,80.0
Sample134,60.0
Sample135,100.0
Sample136,60.0
Sample137,100.0
Sample138,60.0
Sample139,80.0
Sample140,100.0
Sample141,100.0
Sample142,80.0
Sample143,100.0
Sample144,100.0
Sample145,100.0
Sample146,100.0
Sample147,100.0
Sample148,100.0
Sample149,100.0
Sample150,80.0
Sample151,100.0
Sample152,100.0
Sample153,60.0
Sample154,60.0
Sample155,100.0
Sample156,80.0
Sample157,100.0
Sample158,80.0
Sample159,80.0
Sample160,80.0
Sample161,100.0
Sample162,100.0
Sample163,100.0
Sample164,80.0
Sample165,100.0
Sample166,80.0
Sample167,100.0
Sample168,60.0
Sample169,100.0
Sample170,60.0
Sample171,80.0
Sample172,60.0
Sample173,100.0
Sample174,80.0
Sample175,60.0
Sample176,100.0
Sample177,100.0
Sample178,100.0
Sample179,40.0
Sample180,20.0
Sample181,100.0
Sample182,100.0
Sample183,80.0
Sample184,100.0
Sample185,100.0
Sample186,100.0
Sample187,60.0
Sample188,60.0
Sample189,80.0
Sample190,80.0
Sample191,60.0
Sample192,100.0
Sample193,100.0
Sample194,80.0
Sample195,100.0
Sample196,80.0
Sample197,80.0
Sample198,100.0
Sample199,80.0
Sample200,100.0
Sample201,80.0
Sample202,80.0
Sample203,80.0
Sample204,80.0
Sample205,80.0
Sample206,80.0
Sample207,100.0
Sample208,100.0
Sample209,80.0
Sample210,80.0
Sample211,80.0
Sample212,80.0
Sample213,100.0
Sample214,80.0
Sample215,100.0
Sample216,100.0
Sample217,80.0
Sample218,100.0
Sample219,100.0
Sample220,80.0
Sample221,60.0
Sample222,40.0
Sample223,80.0
Sample224,80.0
Sample225,60.0
Sample226,80.0
Sample227,100.0
Sample228,100.0
Sample229,100.0
Sample230,80.0
Sample231,100.0
Sample232,100.0
Sample233,80.0
Sample234,100.0
Sample235,100.0
Sample236,80.0
Sample237,100.0
Sample238,60.0
Sample239,80.0
Sample240,80.0
Sample241,100.0
Sample242,80.0
Sample243,80.0
Sample244,80.0
Sample245,100.0
Sample246,80.0
Sample247,80.0
Sample248,80.0
Sample249,80.0
Sample250,80.0
Sample251,80.0
Sample252,100.0
Sample253,80.0
Sample254,80.0
Sample255,40.0
Sample256,80.0
Sample257,80.0
Sample258,80.0
Sample259,80.0
Sample260,80.0
Sample261,100.0
Sample262,100.0
Sample263,100.0
Sample264,100.0
Sample265,60.0
Sample266,80.0
Sample267,100.0
Sample268,80.0
Sample269,80.0
Sample270,100.0
Sample271,100.0
Sample272,80.0
Sample273,80.0
Sample274,80.0
Sample275,80.0
Sample276,60.0
Sample277,80.0
Sample278,80.0
Sample279,100.0
Sample280,100.0
Sample281,80.0
Sample282,80.0
Sample283,100.0
Sample284,80.0
Sample285,80.0
Sample286,60.0
Sample287,80.0
Sample288,100.0
Sample289,80.0
Sample290,80.0
Sample291,60.0
Sample292,100.0
Sample293,60.0
Sample294,100.0
Sample295,100.0
Sample296,80.0
Sample297,80.0
Sample298,100.0
Sample299,100.0
Sample300,100.0
Sample301,100.0
Sample302,100.0
Sample303,100.0
Sample304,100.0
Sample305,100.0
Sample306,100.0
Sample307,100.0
Sample308,100.0
Sample309,80.0
Sample310,80.0
Sample311,80.0
Sample312,80.0
Sample313,100.0
Sample314,100.0
Sample315,80.0
Sample316,80.0
Sample317,100.0
Sample318,80.0
Sample319,80.0
Sample320,100.0
Sample321,100.0
Sample322,100.0
Sample323,80.0
Sample324,100.0
Sample325,80.0
Sample326,100.0
Sample327,80.0
Sample328,80.0
Sample329,80.0
Sample330,80.0
Sample331,100.0
Sample332,100.0
Sample333,80.0
Sample334,80.0
Sample335,100.0
Sample336,100.0
Sample337,100.0
Sample338,100.0
Sample339,100.0
Sample340,80.0
Sample341,80.0
Sample342,80.0
Sample343,100.0
Sample344,100.0
Sample345,100.0
Sample346,100.0
Sample347,100.0
Sample348,100.0
Sample349,80.0
Sample350,100.0
Sample351,100.0
Sample352,100.0
Sample353,100.0
Sample354,100.0
Sample355,60.0
Sample356,100.0
Sample357,80.0
Sample358,80.0
Sample359,100.0
Sample360,100.0
Sample361,100.0
Sample362,100.0
Sample363,80.0
Sample364,100.0
Sample365,100.0
Sample366,100.0
Sample367,100.0
Sample368,60.0
Sample369,80.0
Sample370,80.0
Sample371,100.0
Sample372,100.0
Sample373,80.0
Sample374,80.0
Sample375,60.0
Sample376,80.0
Sample377,100.0
Sample378,20.0
Sample379,20.0
Sample380,40.0
Sample381,80.0
Sample382,80.0
Sample383,100.0
Sample384,60.0
Sample385,20.0
Sample386,0.0
Sample387,0.0
Sample388,80.0
Sample389,80.0
Sample390,100.0
Sample391,80.0
Sample392,60.0
Sample393,80.0
Sample394,80.0
Sample395,60.0
Sample396,100.0
Sample397,100.0
Sample398,100.0
Sample399,80.0
Sample400,100.0
Sample401,100.0
Sample402,100.0
Sample403,100.0
Sample404,100.0
Sample405,80.0
Sample406,100.0
Sample407,100.0
Sample408,80.0
Sample409,80.0
Sample410,100.0
Sample411,80.0
Sample412,80.0
Sample413,80.0
Sample414,100.0
Sample415,100.0
Sample416,100.0
Sample417,100.0
Sample418,80.0
Sample419,100.0
Sample420,100.0
Sample421,80.0
Sample422,80.0
Sample423,100.0
Sample424,100.0
Sample425,100.0
Sample426,100.0
Sample427,80.0
Sample428,100.0
Sample429,100.0
Sample430,100.0
Sample431,80.0
Sample432,100.0
Sample433,100.0
Sample434,100.0
Sample435,100.0
Sample436,100.0
Sample437,100.0
Sample438,100.0
Sample439,100.0
Sample440,100.0
Sample441,100.0
Sample442,60.0
Sample443,80.0
Sample444,100.0
Sample445,40.0
Sample446,80.0
Sample447,100.0
Sample448,100.0
Sample449,100.0
Sample450,100.0
Sample451,100.0
Sample452,100.0
Sample453,100.0
Sample454,100.0
Sample455,80.0
Sample456,100.0
Sample457,60.0
Sample458,100.0
Sample459,60.0
Sample460,80.0
Sample461,80.0
Sample462,100.0
Sample463,20.0
Sample464,100.0
Sample465,80.0
Sample466,100.0
Sample467,100.0
Sample468,100.0
Sample469,80.0
Sample470,100.0
Sample471,80.0
Sample472,60.0
Sample473,80.0
Sample474,80.0
Sample475,100.0
Sample476,60.0
Sample477,20.0
Sample478,0.0
Sample479,80.0
Sample480,100.0
Sample481,100.0
Sample482,100.0
Sample483,100.0
Sample484,80.0
Sample485,80.0
Sample486,60.0
Sample487,100.0
Sample488,60.0
Sample489,100.0
Sample490,100.0
Sample491,60.0
Sample492,80.0
Sample493,80.0
Sample494,80.0
Sample495,80.0
Sample496,80.0
Sample497,20.0
Sample498,100.0
Sample499,100.0
Sample500,100.0
Sample501,80.0
Sample502,100.0
Sample503,80.0
Sample504,100.0
Sample505,80.0
Sample506,60.0
Sample507,100.0
Sample508,80.0
Sample509,60.0
Sample510,60.0
Sample511,80.0
Sample512,80.0
Sample513,80.0
Sample514,100.0
Sample515,100.0
Sample516,80.0
Sample517,100.0
Sample518,100.0
Sample519,100.0
Sample520,100.0
Sample521,100.0
Sample522,80.0
Sample523,100.0
Sample524,100.0
Sample525,80.0
Sample526,100.0
Sample527,60.0
Sample528,60.0
Sample529,100.0
Sample530,100.0
Sample531,100.0
Sample532,100.0
Sample533,100.0
Sample534,100.0
Sample535,100.0
Sample536,40.0
Sample537,60.0
Sample538,100.0
Sample539,80.0
Sample540,80.0
Sample541,100.0
Sample542,60.0
Sample543,100.0
Sample544,100.0
Sample545,80.0
Sample546,100.0
Sample547,60.0
Sample548,80.0
Sample549,100.0
Sample550,80.0
Sample551,100.0
Sample552,100.0
Sample553,100.0
Sample554,100.0
Sample555,100.0
Sample556,80.0
Sample557,100.0
Sample558,100.0
Sample559,60.0
Sample560,100.0
Sample561,60.0
Sample562,20.0
Sample563,60.0
Sample564,80.0
Sample565,40.0
Sample566,80.0
Sample567,20.0
Sample568,80.0
Sample569,40.0
Sample570,100.0
Sample571,60.0
Sample572,60.0
Sample573,100.0
Sample574,80.0
Sample575,80.0
Sample576,80.0
Sample577,80.0
Sample578,60.0
Sample579,40.0
Sample580,80.0
Sample581,80.0
Sample582,60.0
Sample583,60.0
Sample584,100.0
Sample585,60.0
Sample586,100.0
Sample587,80.0
Sample588,80.0
Sample589,80.0
Sample590,80.0
Sample591,80.0
Sample592,100.0
Sample593,60.0
Sample594,80.0
Sample595,100.0
Sample596,80.0
Sample597,100.0
Sample598,100.0
Sample599,60.0
Sample600,100.0
Sample601,80.0
Sample602,100.0
Sample603,100.0
Sample604,100.0
Sample605,100.0
Sample606,100.0
Sample607,100.0
Sample608,100.0
Sample609,80.0
Sample610,100.0
Sample611,100.0
Sample612,40.0
Sample613,80.0
Sample614,80.0
Sample615,40.0
Sample616,20.0
Sample617,60.0
Sample618,100.0
Sample619,80.0
Sample620,20.0
Sample621,80.0
Sample622,20.0
Sample623,20.0
Sample624,40.0
Sample625,60.0
Sample626,80.0
Sample627,20.0
Sample628,60.0
Sample629,60.0
Sample630,80.0
Sample631,100.0
Sample632,60.0
Sample633,60.0
Sample634,100.0
Sample635,100.0
Sample636,80.0
Sample637,80.0
Sample638,20.0
Sample639,100.0
Sample640,60.0
Sample641,80.0
Sample642,80.0
Sample643,100.0
Sample644,100.0
Sample645,100.0
Sample646,40.0
Sample647,80.0
Sample648,100.0
Sample649,100.0
Sample650,100.0
Sample651,100.0
Sample652,40.0
Sample653,80.0
Sample654,100.0
Sample655,100.0
Sample656,100.0
Sample657,100.0
