,precision,recall,f1-score,support
Sample001,0.8,0.8,0.8000000000000002,5.0
Sample002,0.7142857142857143,1.0,0.8333333333333333,5.0
Sample003,1.0,0.8,0.888888888888889,5.0
Sample004,0.8,0.8,0.8000000000000002,5.0
Sample005,0.8333333333333334,1.0,0.9090909090909091,5.0
Sample006,1.0,1.0,1.0,5.0
Sample007,0.7142857142857143,1.0,0.8333333333333333,5.0
Sample008,0.75,0.6,0.6666666666666665,5.0
Sample009,0.6666666666666666,0.8,0.7272727272727272,5.0
Sample010,0.45454545454545453,1.0,0.625,5.0
Sample011,0.4166666666666667,1.0,0.5882352941176471,5.0
Sample012,0.6666666666666666,0.8,0.7272727272727272,5.0
Sample013,1.0,1.0,1.0,5.0
Sample014,0.625,1.0,0.7692307692307693,5.0
Sample015,0.8333333333333334,1.0,0.9090909090909091,5.0
Sample016,0.625,1.0,0.7692307692307693,5.0
Sample017,1.0,1.0,1.0,5.0
Sample018,1.0,0.6,0.7499999999999999,5.0
Sample019,1.0,1.0,1.0,5.0
Sample020,1.0,0.6,0.7499999999999999,5.0
Sample021,1.0,0.8,0.888888888888889,5.0
Sample022,0.7142857142857143,1.0,0.8333333333333333,5.0
Sample023,1.0,1.0,1.0,5.0
Sample024,0.8,0.8,0.8000000000000002,5.0
Sample025,1.0,0.8,0.888888888888889,5.0
Sample026,0.8333333333333334,1.0,0.9090909090909091,5.0
Sample027,0.6666666666666666,0.8,0.7272727272727272,5.0
Sample028,1.0,0.8,0.888888888888889,5.0
Sample029,0.625,1.0,0.7692307692307693,5.0
Sample030,0.7142857142857143,1.0,0.8333333333333333,5.0
Sample031,0.8333333333333334,1.0,0.9090909090909091,5.0
Sample032,1.0,0.8,0.888888888888889,5.0
Sample033,1.0,1.0,1.0,5.0
Sample034,0.75,0.6,0.6666666666666665,5.0
Sample035,1.0,0.6,0.7499999999999999,5.0
Sample036,1.0,1.0,1.0,5.0
Sample037,0.7142857142857143,1.0,0.8333333333333333,5.0
Sample038,0.5,0.4,0.4444444444444445,5.0
Sample039,1.0,1.0,1.0,5.0
Sample040,1.0,0.8,0.888888888888889,5.0
Sample041,1.0,1.0,1.0,5.0
Sample042,1.0,0.8,0.888888888888889,5.0
Sample043,1.0,1.0,1.0,5.0
Sample044,0.7142857142857143,1.0,0.8333333333333333,5.0
Sample045,1.0,0.4,0.5714285714285715,5.0
Sample046,0.7142857142857143,1.0,0.8333333333333333,5.0
Sample047,1.0,0.8,0.888888888888889,5.0
Sample048,0.5,1.0,0.6666666666666666,5.0
Sample049,1.0,1.0,1.0,5.0
Sample050,1.0,0.8,0.888888888888889,5.0
Sample051,1.0,1.0,1.0,5.0
Sample052,1.0,0.8,0.888888888888889,5.0
Sample053,1.0,1.0,1.0,5.0
Sample054,1.0,1.0,1.0,5.0
Sample055,1.0,1.0,1.0,5.0
Sample056,0.8333333333333334,1.0,0.9090909090909091,5.0
Sample057,1.0,0.8,0.888888888888889,5.0
Sample058,1.0,1.0,1.0,5.0
Sample059,1.0,1.0,1.0,5.0
Sample060,1.0,1.0,1.0,5.0
Sample061,0.8333333333333334,1.0,0.9090909090909091,5.0
Sample062,1.0,1.0,1.0,5.0
Sample063,1.0,0.8,0.888888888888889,5.0
Sample064,1.0,1.0,1.0,5.0
Sample065,1.0,1.0,1.0,5.0
Sample066,1.0,1.0,1.0,5.0
Sample067,1.0,1.0,1.0,5.0
Sample068,0.5,0.6,0.5454545454545454,5.0
Sample069,0.6,0.6,0.6,5.0
Sample070,1.0,0.8,0.888888888888889,5.0
Sample071,1.0,1.0,1.0,5.0
Sample072,0.5,0.8,0.6153846153846154,5.0
Sample073,0.4444444444444444,0.8,0.5714285714285714,5.0
Sample074,0.625,1.0,0.7692307692307693,5.0
Sample075,0.5555555555555556,1.0,0.7142857142857143,5.0
Sample076,1.0,0.8,0.888888888888889,5.0
Sample077,0.8333333333333334,1.0,0.9090909090909091,5.0
Sample078,0.7142857142857143,1.0,0.8333333333333333,5.0
Sample079,0.6666666666666666,0.8,0.7272727272727272,5.0
Sample080,0.4166666666666667,1.0,0.5882352941176471,5.0
Sample081,0.7142857142857143,1.0,0.8333333333333333,5.0
Sample082,0.7142857142857143,1.0,0.8333333333333333,5.0
Sample083,1.0,0.8,0.888888888888889,5.0
Sample084,1.0,0.8,0.888888888888889,5.0
Sample085,1.0,0.8,0.888888888888889,5.0
Sample086,1.0,1.0,1.0,5.0
Sample087,0.5,0.8,0.6153846153846154,5.0
Sample088,0.5555555555555556,1.0,0.7142857142857143,5.0
Sample089,1.0,0.6,0.7499999999999999,5.0
Sample090,0.8333333333333334,1.0,0.9090909090909091,5.0
Sample091,1.0,1.0,1.0,5.0
Sample092,0.8333333333333334,1.0,0.9090909090909091,5.0
Sample093,1.0,1.0,1.0,5.0
Sample094,0.8,0.8,0.8000000000000002,5.0
Sample095,0.7142857142857143,1.0,0.8333333333333333,5.0
Sample096,1.0,0.8,0.888888888888889,5.0
Sample097,1.0,1.0,1.0,5.0
Sample098,1.0,1.0,1.0,5.0
Sample099,1.0,1.0,1.0,5.0
Sample100,1.0,1.0,1.0,5.0
Sample101,1.0,1.0,1.0,5.0
Sample102,1.0,0.4,0.5714285714285715,5.0
Sample103,0.5,1.0,0.6666666666666666,5.0
Sample104,0.8,0.8,0.8000000000000002,5.0
Sample105,0.625,1.0,0.7692307692307693,5.0
Sample106,1.0,0.8,0.888888888888889,5.0
Sample107,0.8,0.8,0.8000000000000002,5.0
Sample108,0.8,0.8,0.8000000000000002,5.0
Sample109,1.0,0.8,0.888888888888889,5.0
Sample110,0.8,0.8,0.8000000000000002,5.0
Sample111,1.0,0.8,0.888888888888889,5.0
Sample112,0.8,0.8,0.8000000000000002,5.0
Sample113,1.0,0.8,0.888888888888889,5.0
Sample114,0.4,0.8,0.5333333333333333,5.0
Sample115,0.8,0.8,0.8000000000000002,5.0
Sample116,0.5714285714285714,0.8,0.6666666666666666,5.0
Sample117,0.8333333333333334,1.0,0.9090909090909091,5.0
Sample118,0.8333333333333334,1.0,0.9090909090909091,5.0
Sample119,1.0,0.6,0.7499999999999999,5.0
Sample120,0.8,0.8,0.8000000000000002,5.0
Sample121,1.0,1.0,1.0,5.0
Sample122,0.8,0.8,0.8000000000000002,5.0
Sample123,1.0,0.6,0.7499999999999999,5.0
Sample124,1.0,0.6,0.7499999999999999,5.0
Sample125,0.6666666666666666,0.8,0.7272727272727272,5.0
Sample126,1.0,1.0,1.0,5.0
Sample127,1.0,1.0,1.0,5.0
Sample128,1.0,0.8,0.888888888888889,5.0
Sample129,0.8333333333333334,1.0,0.9090909090909091,5.0
Sample130,1.0,1.0,1.0,5.0
Sample131,1.0,0.8,0.888888888888889,5.0
Sample132,1.0,0.8,0.888888888888889,5.0
Sample133,1.0,0.8,0.888888888888889,5.0
Sample134,1.0,0.6,0.7499999999999999,5.0
Sample135,1.0,1.0,1.0,5.0
Sample136,1.0,0.6,0.7499999999999999,5.0
Sample137,0.8333333333333334,1.0,0.9090909090909091,5.0
Sample138,0.75,0.6,0.6666666666666665,5.0
Sample139,0.6666666666666666,0.8,0.7272727272727272,5.0
Sample140,0.7142857142857143,1.0,0.8333333333333333,5.0
Sample141,1.0,1.0,1.0,5.0
Sample142,1.0,0.8,0.888888888888889,5.0
Sample143,1.0,1.0,1.0,5.0
Sample144,1.0,1.0,1.0,5.0
Sample145,0.8333333333333334,1.0,0.9090909090909091,5.0
Sample146,0.625,1.0,0.7692307692307693,5.0
Sample147,1.0,1.0,1.0,5.0
Sample148,0.8333333333333334,1.0,0.9090909090909091,5.0
Sample149,1.0,1.0,1.0,5.0
Sample150,0.8,0.8,0.8000000000000002,5.0
Sample151,1.0,1.0,1.0,5.0
Sample152,1.0,1.0,1.0,5.0
Sample153,0.5,0.6,0.5454545454545454,5.0
Sample154,1.0,0.6,0.7499999999999999,5.0
Sample155,0.8333333333333334,1.0,0.9090909090909091,5.0
Sample156,1.0,0.8,0.888888888888889,5.0
Sample157,1.0,1.0,1.0,5.0
Sample158,1.0,0.8,0.888888888888889,5.0
Sample159,1.0,0.8,0.888888888888889,5.0
Sample160,1.0,0.8,0.888888888888889,5.0
Sample161,0.8333333333333334,1.0,0.9090909090909091,5.0
Sample162,1.0,1.0,1.0,5.0
Sample163,1.0,1.0,1.0,5.0
Sample164,1.0,0.8,0.888888888888889,5.0
Sample165,1.0,1.0,1.0,5.0
Sample166,1.0,0.8,0.888888888888889,5.0
Sample167,0.7142857142857143,1.0,0.8333333333333333,5.0
Sample168,1.0,0.6,0.7499999999999999,5.0
Sample169,1.0,1.0,1.0,5.0
Sample170,1.0,0.6,0.7499999999999999,5.0
Sample171,1.0,0.8,0.888888888888889,5.0
Sample172,1.0,0.6,0.7499999999999999,5.0
Sample173,0.625,1.0,0.7692307692307693,5.0
Sample174,0.5714285714285714,0.8,0.6666666666666666,5.0
Sample175,0.75,0.6,0.6666666666666665,5.0
Sample176,1.0,1.0,1.0,5.0
Sample177,0.8333333333333334,1.0,0.9090909090909091,5.0
Sample178,0.8333333333333334,1.0,0.9090909090909091,5.0
Sample179,0.6666666666666666,0.4,0.5,5.0
Sample180,0.5,0.2,0.28571428571428575,5.0
Sample181,1.0,1.0,1.0,5.0
Sample182,1.0,1.0,1.0,5.0
Sample183,0.8,0.8,0.8000000000000002,5.0
Sample184,1.0,1.0,1.0,5.0
Sample185,1.0,1.0,1.0,5.0
Sample186,0.8333333333333334,1.0,0.9090909090909091,5.0
Sample187,1.0,0.6,0.7499999999999999,5.0
Sample188,1.0,0.6,0.7499999999999999,5.0
Sample189,1.0,0.8,0.888888888888889,5.0
Sample190,0.8,0.8,0.8000000000000002,5.0
Sample191,1.0,0.6,0.7499999999999999,5.0
Sample192,1.0,1.0,1.0,5.0
Sample193,1.0,1.0,1.0,5.0
Sample194,0.8,0.8,0.8000000000000002,5.0
Sample195,1.0,1.0,1.0,5.0
Sample196,1.0,0.8,0.888888888888889,5.0
Sample197,0.8,0.8,0.8000000000000002,5.0
Sample198,0.7142857142857143,1.0,0.8333333333333333,5.0
Sample199,1.0,0.8,0.888888888888889,5.0
Sample200,0.7142857142857143,1.0,0.8333333333333333,5.0
Sample201,0.8,0.8,0.8000000000000002,5.0
Sample202,1.0,0.8,0.888888888888889,5.0
Sample203,1.0,0.8,0.888888888888889,5.0
Sample204,0.8,0.8,0.8000000000000002,5.0
Sample205,1.0,0.8,0.888888888888889,5.0
Sample206,0.6666666666666666,0.8,0.7272727272727272,5.0
Sample207,0.8333333333333334,1.0,0.9090909090909091,5.0
Sample208,0.8333333333333334,1.0,0.9090909090909091,5.0
Sample209,1.0,0.8,0.888888888888889,5.0
Sample210,1.0,0.8,0.888888888888889,5.0
Sample211,1.0,0.8,0.888888888888889,5.0
Sample212,1.0,0.8,0.888888888888889,5.0
Sample213,0.8333333333333334,1.0,0.9090909090909091,5.0
Sample214,1.0,0.8,0.888888888888889,5.0
Sample215,1.0,1.0,1.0,5.0
Sample216,0.8333333333333334,1.0,0.9090909090909091,5.0
Sample217,1.0,0.8,0.888888888888889,5.0
Sample218,1.0,1.0,1.0,5.0
Sample219,1.0,1.0,1.0,5.0
Sample220,1.0,0.8,0.888888888888889,5.0
Sample221,0.5,0.6,0.5454545454545454,5.0
Sample222,1.0,0.4,0.5714285714285715,5.0
Sample223,1.0,0.8,0.888888888888889,5.0
Sample224,0.8,0.8,0.8000000000000002,5.0
Sample225,0.6,0.6,0.6,5.0
Sample226,0.6666666666666666,0.8,0.7272727272727272,5.0
Sample227,0.625,1.0,0.7692307692307693,5.0
Sample228,0.8333333333333334,1.0,0.9090909090909091,5.0
Sample229,0.7142857142857143,1.0,0.8333333333333333,5.0
Sample230,1.0,0.8,0.888888888888889,5.0
Sample231,0.7142857142857143,1.0,0.8333333333333333,5.0
Sample232,0.625,1.0,0.7692307692307693,5.0
Sample233,0.8,0.8,0.8000000000000002,5.0
Sample234,0.8333333333333334,1.0,0.9090909090909091,5.0
Sample235,0.7142857142857143,1.0,0.8333333333333333,5.0
Sample236,1.0,0.8,0.888888888888889,5.0
Sample237,1.0,1.0,1.0,5.0
Sample238,1.0,0.6,0.7499999999999999,5.0
Sample239,1.0,0.8,0.888888888888889,5.0
Sample240,0.8,0.8,0.8000000000000002,5.0
Sample241,1.0,1.0,1.0,5.0
Sample242,1.0,0.8,0.888888888888889,5.0
Sample243,1.0,0.8,0.888888888888889,5.0
Sample244,1.0,0.8,0.888888888888889,5.0
Sample245,1.0,1.0,1.0,5.0
Sample246,1.0,0.8,0.888888888888889,5.0
Sample247,1.0,0.8,0.888888888888889,5.0
Sample248,1.0,0.8,0.888888888888889,5.0
Sample249,0.8,0.8,0.8000000000000002,5.0
Sample250,1.0,0.8,0.888888888888889,5.0
Sample251,1.0,0.8,0.888888888888889,5.0
Sample252,0.8333333333333334,1.0,0.9090909090909091,5.0
Sample253,1.0,0.8,0.888888888888889,5.0
Sample254,1.0,0.8,0.888888888888889,5.0
Sample255,1.0,0.4,0.5714285714285715,5.0
Sample256,1.0,0.8,0.888888888888889,5.0
Sample257,1.0,0.8,0.888888888888889,5.0
Sample258,0.6666666666666666,0.8,0.7272727272727272,5.0
Sample259,0.8,0.8,0.8000000000000002,5.0
Sample260,0.8,0.8,0.8000000000000002,5.0
Sample261,1.0,1.0,1.0,5.0
Sample262,1.0,1.0,1.0,5.0
Sample263,1.0,1.0,1.0,5.0
Sample264,1.0,1.0,1.0,5.0
Sample265,1.0,0.6,0.7499999999999999,5.0
Sample266,0.6666666666666666,0.8,0.7272727272727272,5.0
Sample267,0.8333333333333334,1.0,0.9090909090909091,5.0
Sample268,1.0,0.8,0.888888888888889,5.0
Sample269,1.0,0.8,0.888888888888889,5.0
Sample270,1.0,1.0,1.0,5.0
Sample271,1.0,1.0,1.0,5.0
Sample272,0.8,0.8,0.8000000000000002,5.0
Sample273,1.0,0.8,0.888888888888889,5.0
Sample274,1.0,0.8,0.888888888888889,5.0
Sample275,1.0,0.8,0.888888888888889,5.0
Sample276,1.0,0.6,0.7499999999999999,5.0
Sample277,0.8,0.8,0.8000000000000002,5.0
Sample278,1.0,0.8,0.888888888888889,5.0
Sample279,0.8333333333333334,1.0,0.9090909090909091,5.0
Sample280,0.8333333333333334,1.0,0.9090909090909091,5.0
Sample281,1.0,0.8,0.888888888888889,5.0
Sample282,0.8,0.8,0.8000000000000002,5.0
Sample283,0.8333333333333334,1.0,0.9090909090909091,5.0
Sample284,1.0,0.8,0.888888888888889,5.0
Sample285,1.0,0.8,0.888888888888889,5.0
Sample286,0.75,0.6,0.6666666666666665,5.0
Sample287,1.0,0.8,0.888888888888889,5.0
Sample288,1.0,1.0,1.0,5.0
Sample289,1.0,0.8,0.888888888888889,5.0
Sample290,1.0,0.8,0.888888888888889,5.0
Sample291,0.75,0.6,0.6666666666666665,5.0
Sample292,0.8333333333333334,1.0,0.9090909090909091,5.0
Sample293,1.0,0.6,0.7499999999999999,5.0
Sample294,1.0,1.0,1.0,5.0
Sample295,1.0,1.0,1.0,5.0
Sample296,0.8,0.8,0.8000000000000002,5.0
Sample297,1.0,0.8,0.888888888888889,5.0
Sample298,0.8333333333333334,1.0,0.9090909090909091,5.0
Sample299,0.8333333333333334,1.0,0.9090909090909091,5.0
Sample300,0.8333333333333334,1.0,0.9090909090909091,5.0
Sample301,1.0,1.0,1.0,5.0
Sample302,1.0,1.0,1.0,5.0
Sample303,0.8333333333333334,1.0,0.9090909090909091,5.0
Sample304,1.0,1.0,1.0,5.0
Sample305,0.8333333333333334,1.0,0.9090909090909091,5.0
Sample306,1.0,1.0,1.0,5.0
Sample307,1.0,1.0,1.0,5.0
Sample308,1.0,1.0,1.0,5.0
Sample309,1.0,0.8,0.888888888888889,5.0
Sample310,0.8,0.8,0.8000000000000002,5.0
Sample311,0.8,0.8,0.8000000000000002,5.0
Sample312,0.8,0.8,0.8000000000000002,5.0
Sample313,0.8333333333333334,1.0,0.9090909090909091,5.0
Sample314,1.0,1.0,1.0,5.0
Sample315,1.0,0.8,0.888888888888889,5.0
Sample316,1.0,0.8,0.888888888888889,5.0
Sample317,1.0,1.0,1.0,5.0
Sample318,0.6666666666666666,0.8,0.7272727272727272,5.0
Sample319,1.0,0.8,0.888888888888889,5.0
Sample320,0.7142857142857143,1.0,0.8333333333333333,5.0
Sample321,0.8333333333333334,1.0,0.9090909090909091,5.0
Sample322,1.0,1.0,1.0,5.0
Sample323,1.0,0.8,0.888888888888889,5.0
Sample324,1.0,1.0,1.0,5.0
Sample325,1.0,0.8,0.888888888888889,5.0
Sample326,1.0,1.0,1.0,5.0
Sample327,1.0,0.8,0.888888888888889,5.0
Sample328,1.0,0.8,0.888888888888889,5.0
Sample329,1.0,0.8,0.888888888888889,5.0
Sample330,1.0,0.8,0.888888888888889,5.0
Sample331,1.0,1.0,1.0,5.0
Sample332,1.0,1.0,1.0,5.0
Sample333,0.8,0.8,0.8000000000000002,5.0
Sample334,1.0,0.8,0.888888888888889,5.0
Sample335,0.8333333333333334,1.0,0.9090909090909091,5.0
Sample336,1.0,1.0,1.0,5.0
Sample337,1.0,1.0,1.0,5.0
Sample338,1.0,1.0,1.0,5.0
Sample339,1.0,1.0,1.0,5.0
Sample340,1.0,0.8,0.888888888888889,5.0
Sample341,1.0,0.8,0.888888888888889,5.0
Sample342,1.0,0.8,0.888888888888889,5.0
Sample343,1.0,1.0,1.0,5.0
Sample344,1.0,1.0,1.0,5.0
Sample345,1.0,1.0,1.0,5.0
Sample346,0.8333333333333334,1.0,0.9090909090909091,5.0
Sample347,1.0,1.0,1.0,5.0
Sample348,1.0,1.0,1.0,5.0
Sample349,1.0,0.8,0.888888888888889,5.0
Sample350,1.0,1.0,1.0,5.0
Sample351,1.0,1.0,1.0,5.0
Sample352,1.0,1.0,1.0,5.0
Sample353,1.0,1.0,1.0,5.0
Sample354,0.625,1.0,0.7692307692307693,5.0
Sample355,1.0,0.6,0.7499999999999999,5.0
Sample356,1.0,1.0,1.0,5.0
Sample357,0.5714285714285714,0.8,0.6666666666666666,5.0
Sample358,1.0,0.8,0.888888888888889,5.0
Sample359,0.8333333333333334,1.0,0.9090909090909091,5.0
Sample360,0.7142857142857143,1.0,0.8333333333333333,5.0
Sample361,0.4166666666666667,1.0,0.5882352941176471,5.0
Sample362,0.7142857142857143,1.0,0.8333333333333333,5.0
Sample363,1.0,0.8,0.888888888888889,5.0
Sample364,0.7142857142857143,1.0,0.8333333333333333,5.0
Sample365,0.625,1.0,0.7692307692307693,5.0
Sample366,0.8333333333333334,1.0,0.9090909090909091,5.0
Sample367,0.45454545454545453,1.0,0.625,5.0
Sample368,0.5,0.6,0.5454545454545454,5.0
Sample369,0.6666666666666666,0.8,0.7272727272727272,5.0
Sample370,0.3076923076923077,0.8,0.4444444444444444,5.0
Sample371,0.5555555555555556,1.0,0.7142857142857143,5.0
Sample372,0.7142857142857143,1.0,0.8333333333333333,5.0
Sample373,0.5,0.8,0.6153846153846154,5.0
Sample374,1.0,0.8,0.888888888888889,5.0
Sample375,1.0,0.6,0.7499999999999999,5.0
Sample376,1.0,0.8,0.888888888888889,5.0
Sample377,1.0,1.0,1.0,5.0
Sample378,1.0,0.2,0.33333333333333337,5.0
Sample379,1.0,0.2,0.33333333333333337,5.0
Sample380,1.0,0.4,0.5714285714285715,5.0
Sample381,1.0,0.8,0.888888888888889,5.0
Sample382,1.0,0.8,0.888888888888889,5.0
Sample383,1.0,1.0,1.0,5.0
Sample384,1.0,0.6,0.7499999999999999,5.0
Sample385,0.25,0.2,0.22222222222222224,5.0
Sample386,0.0,0.0,0.0,5.0
Sample387,0.0,0.0,0.0,5.0
Sample388,1.0,0.8,0.888888888888889,5.0
Sample389,1.0,0.8,0.888888888888889,5.0
Sample390,1.0,1.0,1.0,5.0
Sample391,1.0,0.8,0.888888888888889,5.0
Sample392,1.0,0.6,0.7499999999999999,5.0
Sample393,1.0,0.8,0.888888888888889,5.0
Sample394,0.8,0.8,0.8000000000000002,5.0
Sample395,1.0,0.6,0.7499999999999999,5.0
Sample396,1.0,1.0,1.0,5.0
Sample397,1.0,1.0,1.0,5.0
Sample398,1.0,1.0,1.0,5.0
Sample399,1.0,0.8,0.888888888888889,5.0
Sample400,1.0,1.0,1.0,5.0
Sample401,0.8333333333333334,1.0,0.9090909090909091,5.0
Sample402,0.8333333333333334,1.0,0.9090909090909091,5.0
Sample403,1.0,1.0,1.0,5.0
Sample404,0.7142857142857143,1.0,0.8333333333333333,5.0
Sample405,0.4444444444444444,0.8,0.5714285714285714,5.0
Sample406,1.0,1.0,1.0,5.0
Sample407,1.0,1.0,1.0,5.0
Sample408,1.0,0.8,0.888888888888889,5.0
Sample409,1.0,0.8,0.888888888888889,5.0
Sample410,1.0,1.0,1.0,5.0
Sample411,1.0,0.8,0.888888888888889,5.0
Sample412,1.0,0.8,0.888888888888889,5.0
Sample413,1.0,0.8,0.888888888888889,5.0
Sample414,1.0,1.0,1.0,5.0
Sample415,0.7142857142857143,1.0,0.8333333333333333,5.0
Sample416,1.0,1.0,1.0,5.0
Sample417,0.8333333333333334,1.0,0.9090909090909091,5.0
Sample418,1.0,0.8,0.888888888888889,5.0
Sample419,1.0,1.0,1.0,5.0
Sample420,1.0,1.0,1.0,5.0
Sample421,1.0,0.8,0.888888888888889,5.0
Sample422,1.0,0.8,0.888888888888889,5.0
Sample423,1.0,1.0,1.0,5.0
Sample424,1.0,1.0,1.0,5.0
Sample425,0.625,1.0,0.7692307692307693,5.0
Sample426,1.0,1.0,1.0,5.0
Sample427,0.6666666666666666,0.8,0.7272727272727272,5.0
Sample428,0.625,1.0,0.7692307692307693,5.0
Sample429,0.8333333333333334,1.0,0.9090909090909091,5.0
Sample430,1.0,1.0,1.0,5.0
Sample431,0.6666666666666666,0.8,0.7272727272727272,5.0
Sample432,1.0,1.0,1.0,5.0
Sample433,0.8333333333333334,1.0,0.9090909090909091,5.0
Sample434,1.0,1.0,1.0,5.0
Sample435,1.0,1.0,1.0,5.0
Sample436,0.5555555555555556,1.0,0.7142857142857143,5.0
Sample437,0.8333333333333334,1.0,0.9090909090909091,5.0
Sample438,0.8333333333333334,1.0,0.9090909090909091,5.0
Sample439,0.45454545454545453,1.0,0.625,5.0
Sample440,1.0,1.0,1.0,5.0
Sample441,1.0,1.0,1.0,5.0
Sample442,0.75,0.6,0.6666666666666665,5.0
Sample443,0.8,0.8,0.8000000000000002,5.0
Sample444,0.8333333333333334,1.0,0.9090909090909091,5.0
Sample445,1.0,0.4,0.5714285714285715,5.0
Sample446,0.8,0.8,0.8000000000000002,5.0
Sample447,0.7142857142857143,1.0,0.8333333333333333,5.0
Sample448,0.7142857142857143,1.0,0.8333333333333333,5.0
Sample449,1.0,1.0,1.0,5.0
Sample450,1.0,1.0,1.0,5.0
Sample451,1.0,1.0,1.0,5.0
Sample452,0.7142857142857143,1.0,0.8333333333333333,5.0
Sample453,1.0,1.0,1.0,5.0
Sample454,1.0,1.0,1.0,5.0
Sample455,0.8,0.8,0.8000000000000002,5.0
Sample456,0.7142857142857143,1.0,0.8333333333333333,5.0
Sample457,1.0,0.6,0.7499999999999999,5.0
Sample458,1.0,1.0,1.0,5.0
Sample459,1.0,0.6,0.7499999999999999,5.0
Sample460,1.0,0.8,0.888888888888889,5.0
Sample461,1.0,0.8,0.888888888888889,5.0
Sample462,1.0,1.0,1.0,5.0
Sample463,1.0,0.2,0.33333333333333337,5.0
Sample464,0.8333333333333334,1.0,0.9090909090909091,5.0
Sample465,0.8,0.8,0.8000000000000002,5.0
Sample466,1.0,1.0,1.0,5.0
Sample467,1.0,1.0,1.0,5.0
Sample468,1.0,1.0,1.0,5.0
Sample469,0.8,0.8,0.8000000000000002,5.0
Sample470,1.0,1.0,1.0,5.0
Sample471,1.0,0.8,0.888888888888889,5.0
Sample472,0.5,0.6,0.5454545454545454,5.0
Sample473,0.8,0.8,0.8000000000000002,5.0
Sample474,1.0,0.8,0.888888888888889,5.0
Sample475,1.0,1.0,1.0,5.0
Sample476,1.0,0.6,0.7499999999999999,5.0
Sample477,0.25,0.2,0.22222222222222224,5.0
Sample478,0.0,0.0,0.0,5.0
Sample479,0.8,0.8,0.8000000000000002,5.0
Sample480,0.7142857142857143,1.0,0.8333333333333333,5.0
Sample481,0.7142857142857143,1.0,0.8333333333333333,5.0
Sample482,0.8333333333333334,1.0,0.9090909090909091,5.0
Sample483,1.0,1.0,1.0,5.0
Sample484,1.0,0.8,0.888888888888889,5.0
Sample485,0.6666666666666666,0.8,0.7272727272727272,5.0
Sample486,0.5,0.6,0.5454545454545454,5.0
Sample487,1.0,1.0,1.0,5.0
Sample488,1.0,0.6,0.7499999999999999,5.0
Sample489,1.0,1.0,1.0,5.0
Sample490,0.5555555555555556,1.0,0.7142857142857143,5.0
Sample491,1.0,0.6,0.7499999999999999,5.0
Sample492,1.0,0.8,0.888888888888889,5.0
Sample493,1.0,0.8,0.888888888888889,5.0
Sample494,1.0,0.8,0.888888888888889,5.0
Sample495,0.8,0.8,0.8000000000000002,5.0
Sample496,1.0,0.8,0.888888888888889,5.0
Sample497,1.0,0.2,0.33333333333333337,5.0
Sample498,1.0,1.0,1.0,5.0
Sample499,0.8333333333333334,1.0,0.9090909090909091,5.0
Sample500,1.0,1.0,1.0,5.0
Sample501,1.0,0.8,0.888888888888889,5.0
Sample502,1.0,1.0,1.0,5.0
Sample503,0.6666666666666666,0.8,0.7272727272727272,5.0
Sample504,1.0,1.0,1.0,5.0
Sample505,0.8,0.8,0.8000000000000002,5.0
Sample506,1.0,0.6,0.7499999999999999,5.0
Sample507,0.625,1.0,0.7692307692307693,5.0
Sample508,1.0,0.8,0.888888888888889,5.0
Sample509,1.0,0.6,0.7499999999999999,5.0
Sample510,1.0,0.6,0.7499999999999999,5.0
Sample511,1.0,0.8,0.888888888888889,5.0
Sample512,1.0,0.8,0.888888888888889,5.0
Sample513,0.5714285714285714,0.8,0.6666666666666666,5.0
Sample514,1.0,1.0,1.0,5.0
Sample515,1.0,1.0,1.0,5.0
Sample516,0.6666666666666666,0.8,0.7272727272727272,5.0
Sample517,1.0,1.0,1.0,5.0
Sample518,1.0,1.0,1.0,5.0
Sample519,0.7142857142857143,1.0,0.8333333333333333,5.0
Sample520,1.0,1.0,1.0,5.0
Sample521,1.0,1.0,1.0,5.0
Sample522,0.8,0.8,0.8000000000000002,5.0
Sample523,1.0,1.0,1.0,5.0
Sample524,0.625,1.0,0.7692307692307693,5.0
Sample525,1.0,0.8,0.888888888888889,5.0
Sample526,1.0,1.0,1.0,5.0
Sample527,0.75,0.6,0.6666666666666665,5.0
Sample528,0.6,0.6,0.6,5.0
Sample529,1.0,1.0,1.0,5.0
Sample530,0.7142857142857143,1.0,0.8333333333333333,5.0
Sample531,0.7142857142857143,1.0,0.8333333333333333,5.0
Sample532,0.625,1.0,0.7692307692307693,5.0
Sample533,1.0,1.0,1.0,5.0
Sample534,1.0,1.0,1.0,5.0
Sample535,1.0,1.0,1.0,5.0
Sample536,0.6666666666666666,0.4,0.5,5.0
Sample537,0.6,0.6,0.6,5.0
Sample538,1.0,1.0,1.0,5.0
Sample539,0.6666666666666666,0.8,0.7272727272727272,5.0
Sample540,0.5714285714285714,0.8,0.6666666666666666,5.0
Sample541,1.0,1.0,1.0,5.0
Sample542,1.0,0.6,0.7499999999999999,5.0
Sample543,0.7142857142857143,1.0,0.8333333333333333,5.0
Sample544,0.8333333333333334,1.0,0.9090909090909091,5.0
Sample545,1.0,0.8,0.888888888888889,5.0
Sample546,1.0,1.0,1.0,5.0
Sample547,1.0,0.6,0.7499999999999999,5.0
Sample548,0.8,0.8,0.8000000000000002,5.0
Sample549,1.0,1.0,1.0,5.0
Sample550,0.6666666666666666,0.8,0.7272727272727272,5.0
Sample551,1.0,1.0,1.0,5.0
Sample552,0.8333333333333334,1.0,0.9090909090909091,5.0
Sample553,1.0,1.0,1.0,5.0
Sample554,1.0,1.0,1.0,5.0
Sample555,0.7142857142857143,1.0,0.8333333333333333,5.0
Sample556,0.6666666666666666,0.8,0.7272727272727272,5.0
Sample557,1.0,1.0,1.0,5.0
Sample558,0.5,1.0,0.6666666666666666,5.0
Sample559,1.0,0.6,0.7499999999999999,5.0
Sample560,0.7142857142857143,1.0,0.8333333333333333,5.0
Sample561,1.0,0.6,0.7499999999999999,5.0
Sample562,1.0,0.2,0.33333333333333337,5.0
Sample563,1.0,0.6,0.7499999999999999,5.0
Sample564,1.0,0.8,0.888888888888889,5.0
Sample565,0.6666666666666666,0.4,0.5,5.0
Sample566,0.8,0.8,0.8000000000000002,5.0
Sample567,1.0,0.2,0.33333333333333337,5.0
Sample568,0.5,0.8,0.6153846153846154,5.0
Sample569,1.0,0.4,0.5714285714285715,5.0
Sample570,0.8333333333333334,1.0,0.9090909090909091,5.0
Sample571,1.0,0.6,0.7499999999999999,5.0
Sample572,0.75,0.6,0.6666666666666665,5.0
Sample573,1.0,1.0,1.0,5.0
Sample574,0.8,0.8,0.8000000000000002,5.0
Sample575,0.6666666666666666,0.8,0.7272727272727272,5.0
Sample576,1.0,0.8,0.888888888888889,5.0
Sample577,1.0,0.8,0.888888888888889,5.0
Sample578,0.75,0.6,0.6666666666666665,5.0
Sample579,1.0,0.4,0.5714285714285715,5.0
Sample580,0.8,0.8,0.8000000000000002,5.0
Sample581,1.0,0.8,0.888888888888889,5.0
Sample582,1.0,0.6,0.7499999999999999,5.0
Sample583,0.75,0.6,0.6666666666666665,5.0
Sample584,0.7142857142857143,1.0,0.8333333333333333,5.0
Sample585,0.75,0.6,0.6666666666666665,5.0
Sample586,0.8333333333333334,1.0,0.9090909090909091,5.0
Sample587,1.0,0.8,0.888888888888889,5.0
Sample588,1.0,0.8,0.888888888888889,5.0
Sample589,0.5,0.8,0.6153846153846154,5.0
Sample590,1.0,0.8,0.888888888888889,5.0
Sample591,0.8,0.8,0.8000000000000002,5.0
Sample592,0.7142857142857143,1.0,0.8333333333333333,5.0
Sample593,1.0,0.6,0.7499999999999999,5.0
Sample594,0.8,0.8,0.8000000000000002,5.0
Sample595,1.0,1.0,1.0,5.0
Sample596,1.0,0.8,0.888888888888889,5.0
Sample597,0.8333333333333334,1.0,0.9090909090909091,5.0
Sample598,1.0,1.0,1.0,5.0
Sample599,1.0,0.6,0.7499999999999999,5.0
Sample600,0.8333333333333334,1.0,0.9090909090909091,5.0
Sample601,1.0,0.8,0.888888888888889,5.0
Sample602,1.0,1.0,1.0,5.0
Sample603,1.0,1.0,1.0,5.0
Sample604,1.0,1.0,1.0,5.0
Sample605,0.8333333333333334,1.0,0.9090909090909091,5.0
Sample606,1.0,1.0,1.0,5.0
Sample607,0.8333333333333334,1.0,0.9090909090909091,5.0
Sample608,1.0,1.0,1.0,5.0
Sample609,1.0,0.8,0.888888888888889,5.0
Sample610,1.0,1.0,1.0,5.0
Sample611,1.0,1.0,1.0,5.0
Sample612,1.0,0.4,0.5714285714285715,5.0
Sample613,1.0,0.8,0.888888888888889,5.0
Sample614,1.0,0.8,0.888888888888889,5.0
Sample615,1.0,0.4,0.5714285714285715,5.0
Sample616,1.0,0.2,0.33333333333333337,5.0
Sample617,1.0,0.6,0.7499999999999999,5.0
Sample618,0.8333333333333334,1.0,0.9090909090909091,5.0
Sample619,1.0,0.8,0.888888888888889,5.0
Sample620,1.0,0.2,0.33333333333333337,5.0
Sample621,0.8,0.8,0.8000000000000002,5.0
Sample622,1.0,0.2,0.33333333333333337,5.0
Sample623,1.0,0.2,0.33333333333333337,5.0
Sample624,0.6666666666666666,0.4,0.5,5.0
Sample625,1.0,0.6,0.7499999999999999,5.0
Sample626,0.8,0.8,0.8000000000000002,5.0
Sample627,1.0,0.2,0.33333333333333337,5.0
Sample628,1.0,0.6,0.7499999999999999,5.0
Sample629,1.0,0.6,0.7499999999999999,5.0
Sample630,1.0,0.8,0.888888888888889,5.0
Sample631,1.0,1.0,1.0,5.0
Sample632,1.0,0.6,0.7499999999999999,5.0
Sample633,1.0,0.6,0.7499999999999999,5.0
Sample634,0.7142857142857143,1.0,0.8333333333333333,5.0
Sample635,0.7142857142857143,1.0,0.8333333333333333,5.0
Sample636,0.6666666666666666,0.8,0.7272727272727272,5.0
Sample637,0.8,0.8,0.8000000000000002,5.0
Sample638,0.3333333333333333,0.2,0.25,5.0
Sample639,0.7142857142857143,1.0,0.8333333333333333,5.0
Sample640,0.42857142857142855,0.6,0.5,5.0
Sample641,0.6666666666666666,0.8,0.7272727272727272,5.0
Sample642,0.8,0.8,0.8000000000000002,5.0
Sample643,0.8333333333333334,1.0,0.9090909090909091,5.0
Sample644,1.0,1.0,1.0,5.0
Sample645,0.7142857142857143,1.0,0.8333333333333333,5.0
Sample646,0.6666666666666666,0.4,0.5,5.0
Sample647,0.5714285714285714,0.8,0.6666666666666666,5.0
Sample648,1.0,1.0,1.0,5.0
Sample649,1.0,1.0,1.0,5.0
Sample650,0.625,1.0,0.7692307692307693,5.0
Sample651,0.8333333333333334,1.0,0.9090909090909091,5.0
Sample652,1.0,0.4,0.5714285714285715,5.0
Sample653,1.0,0.8,0.888888888888889,5.0
Sample654,0.7142857142857143,1.0,0.8333333333333333,5.0
Sample655,1.0,1.0,1.0,5.0
Sample656,1.0,1.0,1.0,5.0
Sample657,1.0,1.0,1.0,5.0
accuracy,0.84779299847793,0.84779299847793,0.84779299847793,0.84779299847793
macro avg,0.8800081830903748,0.84779299847793,0.8442383863885341,3285.0
weighted avg,0.8800081830903749,0.84779299847793,0.8442383863885341,3285.0
